Player ID,Player Name,Line Score,Game ID,Stat Type,League/Sport
185457,Jayson Tatum + Luka Doncic,58.5,71d8d5fc-6836-43c1-85a0-61a828296a06,425,NBA
57845,Aaron Ekblad,0.5,bf7da94c-5ea2-4467-b940-240c101d487a,20,NHL
57843,Aleksander Barkov,0.5,bf7da94c-5ea2-4467-b940-240c101d487a,29,NHL
199247,Connor McDavid + Carter Verhaeghe,6.5,bf7da94c-5ea2-4467-b940-240c101d487a,496,NHL
57845,Aaron Ekblad,0.5,bf7da94c-5ea2-4467-b940-240c101d487a,19,NHL
75156,Ikram Aliskerov,21.5,,51,MMA
59020,Stuart Skinner,26.5,bf7da94c-5ea2-4467-b940-240c101d487a,48,NHL
57827,Connor McDavid,1.5,bf7da94c-5ea2-4467-b940-240c101d487a,19,NHL
57843,Aleksander Barkov,0.5,bf7da94c-5ea2-4467-b940-240c101d487a,20,NHL
67264,Jack Draper,23.0,DRAOFN61024,62,TENNIS
67264,Jack Draper,9.5,DRAOFN61024,61,TENNIS
57828,Leon Draisaitl,0.5,bf7da94c-5ea2-4467-b940-240c101d487a,20,NHL
191019,Jeff Smith,0.5,CiaranJeff61024,604,DARTS
198792,milkyway + Deokdam,15.5,FPXEDG45453.2083333333,500,LoL
58024,Evan Bouchard,0.5,bf7da94c-5ea2-4467-b940-240c101d487a,20,NHL
44464,Dominik Koepfer,5.5,ZHAKOE61024,61,TENNIS
44464,Dominik Koepfer,23.0,ZHAKOE61024,62,TENNIS
57952,Anton Lundell,0.5,bf7da94c-5ea2-4467-b940-240c101d487a,19,NHL
199262,Arne Spee,0.5,ArneMareno61024,604,DARTS
57952,Anton Lundell,0.5,bf7da94c-5ea2-4467-b940-240c101d487a,20,NHL
57848,Carter Verhaeghe,0.5,bf7da94c-5ea2-4467-b940-240c101d487a,29,NHL
199032,Leon Draisaitl + Sam Reinhart,5.5,bf7da94c-5ea2-4467-b940-240c101d487a,496,NHL
199260,milkyway + Xun,16.5,FPXEDG45453.2083333333,500,LoL
145401,Melquizael Costa,50.5,,51,MMA
189815,Jayson Tatum + Kyrie Irving,50.0,71d8d5fc-6836-43c1-85a0-61a828296a06,425,NBA
145401,Melquizael Costa,14.75,,43,MMA
57834,Sergei Bobrovsky,24.5,bf7da94c-5ea2-4467-b940-240c101d487a,48,NHL
57827,Connor McDavid,0.5,bf7da94c-5ea2-4467-b940-240c101d487a,29,NHL
60063,Brandon Montour,0.5,bf7da94c-5ea2-4467-b940-240c101d487a,19,NHL
198992,Jaylen Brown + Luka Doncic,55.5,71d8d5fc-6836-43c1-85a0-61a828296a06,425,NBA
148102,Josefine Lindgren Knutsson,2.5,,52,MMA
199246,Zach Hyman + Matthew Tkachuk,6.5,bf7da94c-5ea2-4467-b940-240c101d487a,496,NHL
44502,Yannick Hanfmann,8.5,SQUHAN61024,61,TENNIS
148102,Josefine Lindgren Knutsson,60.5,,51,MMA
191019,Jeff Smith,0.5,JeffJim61024,604,DARTS
199261,Life + ON,4.5,FPXEDG45453.2083333333,500,LoL
60063,Brandon Montour,0.5,bf7da94c-5ea2-4467-b940-240c101d487a,20,NHL
44502,Yannick Hanfmann,23.0,SQUHAN61024,62,TENNIS
139693,Hamad Medjedovic,12.5,MARMED61024,61,TENNIS
198861,Jeka Saragih,19.5,,51,MMA
57848,Carter Verhaeghe,0.5,bf7da94c-5ea2-4467-b940-240c101d487a,19,NHL
57848,Carter Verhaeghe,0.5,bf7da94c-5ea2-4467-b940-240c101d487a,20,NHL
57828,Leon Draisaitl,0.5,bf7da94c-5ea2-4467-b940-240c101d487a,29,NHL
199262,Arne Spee,0.5,AdamArne61024,604,DARTS
199031,Stuart Skinner + Sergei Bobrovsky,0.5,bf7da94c-5ea2-4467-b940-240c101d487a,186,NHL
185458,Jaylen Brown + Kyrie Irving,46.5,71d8d5fc-6836-43c1-85a0-61a828296a06,425,NBA
198861,Jeka Saragih,4.75,,43,MMA
188391,knight + Elk,19.5,BLGLGD45453.2916666667,500,LoL
139693,Hamad Medjedovic,23.0,MARMED61024,62,TENNIS
704,David Goffin,22.5,GOFNARD61024,62,TENNIS
704,David Goffin,5.5,GOFNARD61024,61,TENNIS
187582,Humanoid + Noah,10.5,VITFNC45453.4583333333,557,LoL
191019,Jeff Smith,0.5,JeffMareno61024,604,DARTS
124065,Gabriella Fernandes	,52.5,,51,MMA
87112,Matthew Tkachuk,0.5,bf7da94c-5ea2-4467-b940-240c101d487a,29,NHL
57827,Connor McDavid,0.5,bf7da94c-5ea2-4467-b940-240c101d487a,20,NHL
57848,Carter Verhaeghe,1.5,bf7da94c-5ea2-4467-b940-240c101d487a,19,NHL
198993,Derrick White + P.J. Washington,27.5,71d8d5fc-6836-43c1-85a0-61a828296a06,425,NBA
58026,Ryan Nugent-Hopkins,0.5,bf7da94c-5ea2-4467-b940-240c101d487a,29,NHL
185457,Jayson Tatum + Luka Doncic,19.5,71d8d5fc-6836-43c1-85a0-61a828296a06,427,NBA
96006,Zizou Bergs,9.5,TVRBER61024,61,TENNIS
187581,Humanoid + Nisqy,8.0,VITFNC45453.4583333333,557,LoL
57827,Connor McDavid,1.5,bf7da94c-5ea2-4467-b940-240c101d487a,20,NHL
199262,Arne Spee,0.5,ArneJim61024,604,DARTS
57827,Connor McDavid,2.5,bf7da94c-5ea2-4467-b940-240c101d487a,19,NHL
198862,Adam Fugitt	,2.0,,52,MMA
96006,Zizou Bergs,23.0,TVRBER61024,62,TENNIS
198862,Adam Fugitt	,11.5,,43,MMA
198862,Adam Fugitt	,51.5,,51,MMA
144,Adrian Mannarino,4.5,MANNAP61024,61,TENNIS
171515,Evan Rodrigues,0.5,bf7da94c-5ea2-4467-b940-240c101d487a,20,NHL
58024,Evan Bouchard,0.5,bf7da94c-5ea2-4467-b940-240c101d487a,19,NHL
57846,Sam Bennett,0.5,bf7da94c-5ea2-4467-b940-240c101d487a,29,NHL
198863,Nate Maness,5.5,,43,MMA
198863,Nate Maness,27.5,,51,MMA
144,Adrian Mannarino,22.0,MANNAP61024,62,TENNIS
198994,Al Horford + Daniel Gafford,11.0,71d8d5fc-6836-43c1-85a0-61a828296a06,427,NBA
191019,Jeff Smith,0.5,AdamJeff61024,604,DARTS
190455,Caps + Hans Sama,9.0,G2BDS45453.5208333333,557,LoL
151652,Jakub Mensik,11.5,BROMEN61024,61,TENNIS
187507,nuc + Ice,5.5,G2BDS45453.5208333333,557,LoL
198995,Kristaps Porzingis + Luka Doncic,15.5,71d8d5fc-6836-43c1-85a0-61a828296a06,427,NBA
199262,Arne Spee,0.5,ArneCiaran61024,604,DARTS
58024,Evan Bouchard,1.5,bf7da94c-5ea2-4467-b940-240c101d487a,19,NHL
57853,Sam Reinhart,0.5,bf7da94c-5ea2-4467-b940-240c101d487a,29,NHL
21101,Tagir Ulanbekov,59.5,,51,MMA
151652,Jakub Mensik,23.0,BROMEN61024,62,TENNIS
57953,Gustav Forsling,0.5,bf7da94c-5ea2-4467-b940-240c101d487a,20,NHL
21101,Tagir Ulanbekov,2.5,,52,MMA
191019,Jeff Smith,0.5,JeffArne61024,604,DARTS
57889,Zach Hyman,0.5,bf7da94c-5ea2-4467-b940-240c101d487a,29,NHL
171515,Evan Rodrigues,0.5,bf7da94c-5ea2-4467-b940-240c101d487a,19,NHL
198996,Kristaps Porzingis + Dereck Lively II,12.5,71d8d5fc-6836-43c1-85a0-61a828296a06,427,NBA
124064,Garrett Armfield	,69.5,,51,MMA
184145,Yike + Jankos,5.0,G2BDS45453.5208333333,557,LoL
87112,Matthew Tkachuk,0.5,bf7da94c-5ea2-4467-b940-240c101d487a,20,NHL
199127,Larssen + Comp,7.0,KCRGE45453.5520833333,557,LoL
146645,Asu Almabayev	,38.5,,51,MMA
146645,Asu Almabayev	,3.5,,52,MMA
57953,Gustav Forsling,0.5,bf7da94c-5ea2-4467-b940-240c101d487a,19,NHL
146645,Asu Almabayev	,12.5,,43,MMA
185457,Jayson Tatum + Luka Doncic,13.5,71d8d5fc-6836-43c1-85a0-61a828296a06,426,NBA
58026,Ryan Nugent-Hopkins,0.5,bf7da94c-5ea2-4467-b940-240c101d487a,20,NHL
199262,Arne Spee,0.5,JeffArne61024,604,DARTS
57828,Leon Draisaitl,0.5,bf7da94c-5ea2-4467-b940-240c101d487a,19,NHL
189815,Jayson Tatum + Kyrie Irving,10.0,71d8d5fc-6836-43c1-85a0-61a828296a06,426,NBA
57846,Sam Bennett,0.5,bf7da94c-5ea2-4467-b940-240c101d487a,20,NHL
11835,Douglas Silva de Andrade,45.5,,51,MMA
190457,Fresskowy + Supa,7.5,MADTH45453.5833333333,557,LoL
198997,Jrue Holiday + Luka Doncic,13.0,71d8d5fc-6836-43c1-85a0-61a828296a06,426,NBA
57853,Sam Reinhart,0.5,bf7da94c-5ea2-4467-b940-240c101d487a,20,NHL
198864,Timothy Cuamba	,33.5,,51,MMA
57828,Leon Draisaitl,1.5,bf7da94c-5ea2-4467-b940-240c101d487a,19,NHL
187392,Jankos + Elyoya,4.5,MADTH45453.5833333333,557,LoL
198864,Timothy Cuamba	,10.0,,43,MMA
85855,Tatsuro Taira	,14.75,,43,MMA
85855,Tatsuro Taira	,50.5,,51,MMA
198956,A'ja Wilson + Dearica Hamby,46.5,83587e0f-dcc8-4e35-aba1-d57f39ebf31e,425,WNBA
190245,Vladimir Tarasenko,0.5,bf7da94c-5ea2-4467-b940-240c101d487a,20,NHL
198998,Jrue Holiday + Kyrie Irving ,9.0,71d8d5fc-6836-43c1-85a0-61a828296a06,426,NBA
87112,Matthew Tkachuk,0.5,bf7da94c-5ea2-4467-b940-240c101d487a,19,NHL
57889,Zach Hyman,0.5,bf7da94c-5ea2-4467-b940-240c101d487a,20,NHL
198956,A'ja Wilson + Dearica Hamby,23.0,83587e0f-dcc8-4e35-aba1-d57f39ebf31e,427,WNBA
87112,Matthew Tkachuk,1.5,bf7da94c-5ea2-4467-b940-240c101d487a,19,NHL
185457,Jayson Tatum + Luka Doncic,7.0,71d8d5fc-6836-43c1-85a0-61a828296a06,428,NBA
189815,Jayson Tatum + Kyrie Irving,5.5,71d8d5fc-6836-43c1-85a0-61a828296a06,428,NBA
58026,Ryan Nugent-Hopkins,0.5,bf7da94c-5ea2-4467-b940-240c101d487a,19,NHL
198999,Derrick White + Luka Doncic,7.0,71d8d5fc-6836-43c1-85a0-61a828296a06,428,NBA
57846,Sam Bennett,0.5,bf7da94c-5ea2-4467-b940-240c101d487a,19,NHL
199000,Derrick White + Kyrie Irving,5.5,71d8d5fc-6836-43c1-85a0-61a828296a06,428,NBA
57853,Sam Reinhart,0.5,bf7da94c-5ea2-4467-b940-240c101d487a,19,NHL
185458,Jaylen Brown + Kyrie Irving,4.5,71d8d5fc-6836-43c1-85a0-61a828296a06,428,NBA
57853,Sam Reinhart,1.5,bf7da94c-5ea2-4467-b940-240c101d487a,19,NHL
199001,Jayson Tatum + P.J. Washington,5.0,71d8d5fc-6836-43c1-85a0-61a828296a06,428,NBA
190245,Vladimir Tarasenko,0.5,bf7da94c-5ea2-4467-b940-240c101d487a,19,NHL
57078,Greet Minnen,3.0,MINMAS61024,61,TENNIS
57078,Greet Minnen,22.0,MINMAS61024,62,TENNIS
17069,Donna Vekic,4.0,KORVEK61024,61,TENNIS
169068,dumau,33.0,LegacyParty Astronauts45452.875,330,CS2
17069,Donna Vekic,19.5,KORVEK61024,62,TENNIS
142631,Celine Naef,3.0,MANNAE61024,61,TENNIS
168219,latto,30.5,LegacyParty Astronauts45452.875,330,CS2
142631,Celine Naef,22.0,MANNAE61024,62,TENNIS
168805,NEKIZ,25.0,LegacyParty Astronauts45452.875,330,CS2
17139,Bernarda Pera,20.5,PERLAM61024,62,TENNIS
17139,Bernarda Pera,4.0,PERLAM61024,61,TENNIS
6662,Bianca Andreescu,2.0,VEDAND61024,61,TENNIS
168854,b4rtiN,28.5,LegacyParty Astronauts45452.875,330,CS2
6662,Bianca Andreescu,19.5,VEDAND61024,62,TENNIS
44465,Ekaterina Alexandrova,20.5,ALEROD61024,62,TENNIS
44465,Ekaterina Alexandrova,6.5,ALEROD61024,61,TENNIS
197307,saadzin,30.0,LegacyParty Astronauts45452.875,330,CS2
57080,Clara Burel,22.0,SAVBUR61024,62,TENNIS
57080,Clara Burel,3.0,SAVBUR61024,61,TENNIS
169068,dumau,16.0,LegacyParty Astronauts45452.875,337,CS2
168219,latto,15.5,LegacyParty Astronauts45452.875,337,CS2
44470,Heather Watson,3.5,DAYWAT61024,61,TENNIS
44470,Heather Watson,21.5,DAYWAT61024,62,TENNIS
74085,Diane Parry,4.5,BUCPAR61024,61,TENNIS
74085,Diane Parry,21.5,BUCPAR61024,62,TENNIS
168805,NEKIZ,12.0,LegacyParty Astronauts45452.875,337,CS2
168854,b4rtiN,16.0,LegacyParty Astronauts45452.875,337,CS2
95725,Lin Zhu,22.0,STEFZHU61024,62,TENNIS
95725,Lin Zhu,2.0,STEFZHU61024,61,TENNIS
67272,Katie Boulter,5.0,DARTBOU61024,61,TENNIS
67272,Katie Boulter,20.5,DARTBOU61024,62,TENNIS
57843,Aleksander Barkov,2.5,bf7da94c-5ea2-4467-b940-240c101d487a,30,NHL
197307,saadzin,12.5,LegacyParty Astronauts45452.875,337,CS2
124202,Kimberly Birrell,3.0,APPBIR61024,61,TENNIS
124202,Kimberly Birrell,21.5,APPBIR61024,62,TENNIS
57828,Leon Draisaitl,2.5,bf7da94c-5ea2-4467-b940-240c101d487a,30,NHL
168815,cxzi,30.5,Party AstronautsLegacy45452.875,330,CS2
4482,Karolina Pliskova,20.5,PARKPLIS61024,62,TENNIS
197686,FaNg,31.0,Party AstronautsLegacy45452.875,330,CS2
4482,Karolina Pliskova,5.5,PARKPLIS61024,61,TENNIS
94641,Linda Fruhvirtova,3.0,MIYAFRU61024,61,TENNIS
197250,Infinite,29.5,Party AstronautsLegacy45452.875,330,CS2
64791,Warren Foegele,1.5,bf7da94c-5ea2-4467-b940-240c101d487a,30,NHL
94641,Linda Fruhvirtova,21.5,MIYAFRU61024,62,TENNIS
44501,Viktorija Golubic,22.0,MARGOL61024,62,TENNIS
168796,WolfY,30.0,Party AstronautsLegacy45452.875,330,CS2
57889,Zach Hyman,3.5,bf7da94c-5ea2-4467-b940-240c101d487a,30,NHL
168842,ben1337,23.5,Party AstronautsLegacy45452.875,330,CS2
168815,cxzi,13.0,Party AstronautsLegacy45452.875,337,CS2
197686,FaNg,19.0,Party AstronautsLegacy45452.875,337,CS2
197250,Infinite,15.0,Party AstronautsLegacy45452.875,337,CS2
168796,WolfY,11.0,Party AstronautsLegacy45452.875,337,CS2
168842,ben1337,12.0,Party AstronautsLegacy45452.875,337,CS2
198652,Jacob Kmatz,5.5,ORSTUK6924,311,CWS
199192,Nick Lopez,2.5,ORSTUK6924,282,CWS
198478,Émilien Pitre,1.5,ORSTUK6924,42,CWS
199227,Mason Moore,4.5,ORSTUK6924,311,CWS
199193,Dallas Macias,2.5,ORSTUK6924,282,CWS
199190,Ryan Waldschmidt,2.5,ORSTUK6924,282,CWS
190234,Adam Henrique,0.5,bf7da94c-5ea2-4467-b940-240c101d487a,30,NHL
190234,Adam Henrique,1.5,bf7da94c-5ea2-4467-b940-240c101d487a,30,NHL
57843,Aleksander Barkov,1.5,bf7da94c-5ea2-4467-b940-240c101d487a,30,NHL
57843,Aleksander Barkov,3.5,bf7da94c-5ea2-4467-b940-240c101d487a,30,NHL
57952,Anton Lundell,2.5,bf7da94c-5ea2-4467-b940-240c101d487a,30,NHL
60063,Brandon Montour,1.5,bf7da94c-5ea2-4467-b940-240c101d487a,30,NHL
60063,Brandon Montour,2.5,bf7da94c-5ea2-4467-b940-240c101d487a,30,NHL
57848,Carter Verhaeghe,2.5,bf7da94c-5ea2-4467-b940-240c101d487a,30,NHL
57848,Carter Verhaeghe,3.5,bf7da94c-5ea2-4467-b940-240c101d487a,30,NHL
172016,Connor Brown,0.5,bf7da94c-5ea2-4467-b940-240c101d487a,30,NHL
172016,Connor Brown,1.5,bf7da94c-5ea2-4467-b940-240c101d487a,30,NHL
57827,Connor McDavid,2.5,bf7da94c-5ea2-4467-b940-240c101d487a,30,NHL
57827,Connor McDavid,3.5,bf7da94c-5ea2-4467-b940-240c101d487a,30,NHL
187354,Corey Perry,0.5,bf7da94c-5ea2-4467-b940-240c101d487a,30,NHL
58027,Darnell Nurse,1.5,bf7da94c-5ea2-4467-b940-240c101d487a,30,NHL
58027,Darnell Nurse,2.5,bf7da94c-5ea2-4467-b940-240c101d487a,30,NHL
92120,Dylan Holloway,0.5,bf7da94c-5ea2-4467-b940-240c101d487a,30,NHL
92120,Dylan Holloway,1.5,bf7da94c-5ea2-4467-b940-240c101d487a,30,NHL
58024,Evan Bouchard,1.5,bf7da94c-5ea2-4467-b940-240c101d487a,30,NHL
58024,Evan Bouchard,3.5,bf7da94c-5ea2-4467-b940-240c101d487a,30,NHL
171515,Evan Rodrigues,1.5,bf7da94c-5ea2-4467-b940-240c101d487a,30,NHL
171515,Evan Rodrigues,2.5,bf7da94c-5ea2-4467-b940-240c101d487a,30,NHL
59515,Evander Kane,1.5,bf7da94c-5ea2-4467-b940-240c101d487a,30,NHL
59515,Evander Kane,2.5,bf7da94c-5ea2-4467-b940-240c101d487a,30,NHL
57953,Gustav Forsling,1.5,bf7da94c-5ea2-4467-b940-240c101d487a,30,NHL
57953,Gustav Forsling,2.5,bf7da94c-5ea2-4467-b940-240c101d487a,30,NHL
57828,Leon Draisaitl,1.5,bf7da94c-5ea2-4467-b940-240c101d487a,30,NHL
57828,Leon Draisaitl,3.5,bf7da94c-5ea2-4467-b940-240c101d487a,30,NHL
87112,Matthew Tkachuk,2.5,bf7da94c-5ea2-4467-b940-240c101d487a,30,NHL
87112,Matthew Tkachuk,4.5,bf7da94c-5ea2-4467-b940-240c101d487a,30,NHL
125451,Mattias Ekholm,1.5,bf7da94c-5ea2-4467-b940-240c101d487a,30,NHL
125451,Mattias Ekholm,2.5,bf7da94c-5ea2-4467-b940-240c101d487a,30,NHL
58026,Ryan Nugent-Hopkins,1.5,bf7da94c-5ea2-4467-b940-240c101d487a,30,NHL
58026,Ryan Nugent-Hopkins,2.5,bf7da94c-5ea2-4467-b940-240c101d487a,30,NHL
57846,Sam Bennett,1.5,bf7da94c-5ea2-4467-b940-240c101d487a,30,NHL
57846,Sam Bennett,2.5,bf7da94c-5ea2-4467-b940-240c101d487a,30,NHL
57853,Sam Reinhart,2.5,bf7da94c-5ea2-4467-b940-240c101d487a,30,NHL
57853,Sam Reinhart,3.5,bf7da94c-5ea2-4467-b940-240c101d487a,30,NHL
190245,Vladimir Tarasenko,1.5,bf7da94c-5ea2-4467-b940-240c101d487a,30,NHL
190245,Vladimir Tarasenko,2.5,bf7da94c-5ea2-4467-b940-240c101d487a,30,NHL
64791,Warren Foegele,2.5,bf7da94c-5ea2-4467-b940-240c101d487a,30,NHL
57889,Zach Hyman,2.5,bf7da94c-5ea2-4467-b940-240c101d487a,30,NHL
1266,Jayson Tatum,36.5,71d8d5fc-6836-43c1-85a0-61a828296a06,243,NBA
1266,Jayson Tatum,10.0,71d8d5fc-6836-43c1-85a0-61a828296a06,22,NBA
174286,Jayson Tatum,1.5,71d8d5fc-6836-43c1-85a0-61a828296a06,20,NBA1Q
55074,Jayson Tatum,21.5,71d8d5fc-6836-43c1-85a0-61a828296a06,106,NBA1H
174286,Jayson Tatum,7.0,71d8d5fc-6836-43c1-85a0-61a828296a06,19,NBA1Q
1266,Jayson Tatum,5.5,71d8d5fc-6836-43c1-85a0-61a828296a06,68,NBA
1266,Jayson Tatum,42.5,71d8d5fc-6836-43c1-85a0-61a828296a06,106,NBA
1266,Jayson Tatum,15.5,71d8d5fc-6836-43c1-85a0-61a828296a06,245,NBA
1266,Jayson Tatum,7.5,71d8d5fc-6836-43c1-85a0-61a828296a06,392,NBA
1266,Jayson Tatum,19.5,71d8d5fc-6836-43c1-85a0-61a828296a06,386,NBA
58830,Luka Doncic,8.0,71d8d5fc-6836-43c1-85a0-61a828296a06,20,NBA
58830,Luka Doncic,24.5,71d8d5fc-6836-43c1-85a0-61a828296a06,386,NBA
58830,Luka Doncic,10.5,71d8d5fc-6836-43c1-85a0-61a828296a06,392,NBA
58830,Luka Doncic,5.5,71d8d5fc-6836-43c1-85a0-61a828296a06,68,NBA
64163,Luka Doncic,8.0,71d8d5fc-6836-43c1-85a0-61a828296a06,19,NBA1Q
1535,Jaylen Brown,3.5,71d8d5fc-6836-43c1-85a0-61a828296a06,68,NBA
1535,Jaylen Brown,23.5,71d8d5fc-6836-43c1-85a0-61a828296a06,19,NBA
1535,Jaylen Brown,18.0,71d8d5fc-6836-43c1-85a0-61a828296a06,386,NBA
1535,Jaylen Brown,29.5,71d8d5fc-6836-43c1-85a0-61a828296a06,243,NBA
1535,Jaylen Brown,5.5,71d8d5fc-6836-43c1-85a0-61a828296a06,392,NBA
174287,Jaylen Brown,5.0,71d8d5fc-6836-43c1-85a0-61a828296a06,19,NBA1Q
96236,Kyrie Irving,19.0,71d8d5fc-6836-43c1-85a0-61a828296a06,386,NBA
96236,Kyrie Irving,3.0,71d8d5fc-6836-43c1-85a0-61a828296a06,68,NBA
174326,Kyrie Irving,4.5,71d8d5fc-6836-43c1-85a0-61a828296a06,19,NBA1Q
96236,Kyrie Irving,28.0,71d8d5fc-6836-43c1-85a0-61a828296a06,244,NBA
96237,Kyrie Irving,12.0,71d8d5fc-6836-43c1-85a0-61a828296a06,19,NBA1H
96236,Kyrie Irving,27.5,71d8d5fc-6836-43c1-85a0-61a828296a06,243,NBA
96236,Kyrie Irving,23.5,71d8d5fc-6836-43c1-85a0-61a828296a06,19,NBA
96236,Kyrie Irving,2.5,71d8d5fc-6836-43c1-85a0-61a828296a06,31,NBA
96236,Kyrie Irving,6.5,71d8d5fc-6836-43c1-85a0-61a828296a06,392,NBA
60021,Derrick White,11.5,71d8d5fc-6836-43c1-85a0-61a828296a06,386,NBA
60021,Derrick White,7.5,71d8d5fc-6836-43c1-85a0-61a828296a06,392,NBA
60021,Derrick White,1.5,71d8d5fc-6836-43c1-85a0-61a828296a06,68,NBA
187519,P.J. Washington,1.5,71d8d5fc-6836-43c1-85a0-61a828296a06,68,NBA
187519,P.J. Washington,0.5,71d8d5fc-6836-43c1-85a0-61a828296a06,385,NBA
187519,P.J. Washington,20.0,71d8d5fc-6836-43c1-85a0-61a828296a06,106,NBA
187519,P.J. Washington,11.0,71d8d5fc-6836-43c1-85a0-61a828296a06,386,NBA
189041,P.J. Washington,2.5,71d8d5fc-6836-43c1-85a0-61a828296a06,19,NBA1Q
174696,Kristaps Porzingis,1.5,71d8d5fc-6836-43c1-85a0-61a828296a06,22,NBA1Q
173120,Kristaps Porzingis,17.5,71d8d5fc-6836-43c1-85a0-61a828296a06,244,NBA
173120,Kristaps Porzingis,11.5,71d8d5fc-6836-43c1-85a0-61a828296a06,386,NBA
187518,Daniel Gafford,12.0,71d8d5fc-6836-43c1-85a0-61a828296a06,243,NBA
187518,Daniel Gafford,2.0,71d8d5fc-6836-43c1-85a0-61a828296a06,385,NBA
173626,Jrue Holiday,9.5,71d8d5fc-6836-43c1-85a0-61a828296a06,386,NBA
174289,Jrue Holiday,2.5,71d8d5fc-6836-43c1-85a0-61a828296a06,19,NBA1Q
173626,Jrue Holiday,4.5,71d8d5fc-6836-43c1-85a0-61a828296a06,392,NBA
173626,Jrue Holiday,10.5,71d8d5fc-6836-43c1-85a0-61a828296a06,245,NBA
173626,Jrue Holiday,17.5,71d8d5fc-6836-43c1-85a0-61a828296a06,243,NBA
173626,Jrue Holiday,0.5,71d8d5fc-6836-43c1-85a0-61a828296a06,68,NBA
173626,Jrue Holiday,12.0,71d8d5fc-6836-43c1-85a0-61a828296a06,19,NBA
181345,Derrick Jones Jr.,0.5,71d8d5fc-6836-43c1-85a0-61a828296a06,22,NBA1Q
55410,Al Horford,8.0,71d8d5fc-6836-43c1-85a0-61a828296a06,245,NBA
55410,Al Horford,15.0,71d8d5fc-6836-43c1-85a0-61a828296a06,243,NBA
55410,Al Horford,6.0,71d8d5fc-6836-43c1-85a0-61a828296a06,22,NBA
55410,Al Horford,17.0,71d8d5fc-6836-43c1-85a0-61a828296a06,106,NBA
174345,Dereck Lively II,6.5,71d8d5fc-6836-43c1-85a0-61a828296a06,22,NBA
176062,Dereck Lively II,1.5,71d8d5fc-6836-43c1-85a0-61a828296a06,19,NBA1Q
174345,Dereck Lively II,2.5,71d8d5fc-6836-43c1-85a0-61a828296a06,385,NBA
182223,Jaden Hardy,1.5,71d8d5fc-6836-43c1-85a0-61a828296a06,19,NBA1Q
85744,Sam Hauser,0.5,71d8d5fc-6836-43c1-85a0-61a828296a06,31,NBA
79952,Jaden Hardy,0.5,71d8d5fc-6836-43c1-85a0-61a828296a06,23,NBA
79952,Jaden Hardy,0.5,71d8d5fc-6836-43c1-85a0-61a828296a06,22,NBA
79952,Jaden Hardy,1.5,71d8d5fc-6836-43c1-85a0-61a828296a06,22,NBA
79952,Jaden Hardy,1.5,71d8d5fc-6836-43c1-85a0-61a828296a06,20,NBA
79952,Jaden Hardy,5.5,71d8d5fc-6836-43c1-85a0-61a828296a06,19,NBA
173626,Jrue Holiday,4.5,71d8d5fc-6836-43c1-85a0-61a828296a06,22,NBA
25443,Payton Pritchard,5.5,71d8d5fc-6836-43c1-85a0-61a828296a06,19,NBA
25436,Josh Green,2.5,71d8d5fc-6836-43c1-85a0-61a828296a06,19,NBA
85744,Sam Hauser,5.5,71d8d5fc-6836-43c1-85a0-61a828296a06,19,NBA
173626,Jrue Holiday,6.5,71d8d5fc-6836-43c1-85a0-61a828296a06,22,NBA
25443,Payton Pritchard,0.5,71d8d5fc-6836-43c1-85a0-61a828296a06,20,NBA
85744,Sam Hauser,2.5,71d8d5fc-6836-43c1-85a0-61a828296a06,22,NBA
2067,Maxi Kleber,3.5,71d8d5fc-6836-43c1-85a0-61a828296a06,19,NBA
1266,Jayson Tatum,11.5,71d8d5fc-6836-43c1-85a0-61a828296a06,22,NBA
2067,Maxi Kleber,2.5,71d8d5fc-6836-43c1-85a0-61a828296a06,22,NBA
85744,Sam Hauser,1.5,71d8d5fc-6836-43c1-85a0-61a828296a06,31,NBA
25436,Josh Green,0.5,71d8d5fc-6836-43c1-85a0-61a828296a06,22,NBA
25443,Payton Pritchard,0.5,71d8d5fc-6836-43c1-85a0-61a828296a06,31,NBA
2067,Maxi Kleber,0.5,71d8d5fc-6836-43c1-85a0-61a828296a06,20,NBA
25443,Payton Pritchard,0.5,71d8d5fc-6836-43c1-85a0-61a828296a06,22,NBA
25443,Payton Pritchard,1.5,71d8d5fc-6836-43c1-85a0-61a828296a06,31,NBA
2067,Maxi Kleber,0.5,71d8d5fc-6836-43c1-85a0-61a828296a06,19,NBA
1535,Jaylen Brown,1.5,71d8d5fc-6836-43c1-85a0-61a828296a06,20,NBA
2067,Maxi Kleber,1.5,71d8d5fc-6836-43c1-85a0-61a828296a06,20,NBA
85744,Sam Hauser,1.5,71d8d5fc-6836-43c1-85a0-61a828296a06,20,NBA
25436,Josh Green,1.5,71d8d5fc-6836-43c1-85a0-61a828296a06,20,NBA
25443,Payton Pritchard,2.5,71d8d5fc-6836-43c1-85a0-61a828296a06,20,NBA
2067,Maxi Kleber,0.5,71d8d5fc-6836-43c1-85a0-61a828296a06,21,NBA
174345,Dereck Lively II,4.5,71d8d5fc-6836-43c1-85a0-61a828296a06,19,NBA
25436,Josh Green,5.5,71d8d5fc-6836-43c1-85a0-61a828296a06,19,NBA
25436,Josh Green,0.5,71d8d5fc-6836-43c1-85a0-61a828296a06,23,NBA
2067,Maxi Kleber,0.5,71d8d5fc-6836-43c1-85a0-61a828296a06,23,NBA
85744,Sam Hauser,0.5,71d8d5fc-6836-43c1-85a0-61a828296a06,23,NBA
25443,Payton Pritchard,2.5,71d8d5fc-6836-43c1-85a0-61a828296a06,22,NBA
25443,Payton Pritchard,0.5,71d8d5fc-6836-43c1-85a0-61a828296a06,23,NBA
25436,Josh Green,0.5,71d8d5fc-6836-43c1-85a0-61a828296a06,20,NBA
187518,Daniel Gafford,10.5,71d8d5fc-6836-43c1-85a0-61a828296a06,19,NBA
96236,Kyrie Irving,25.5,71d8d5fc-6836-43c1-85a0-61a828296a06,19,NBA
187519,P.J. Washington,0.5,71d8d5fc-6836-43c1-85a0-61a828296a06,20,NBA
1535,Jaylen Brown,25.5,71d8d5fc-6836-43c1-85a0-61a828296a06,19,NBA
55410,Al Horford,11.5,71d8d5fc-6836-43c1-85a0-61a828296a06,19,NBA
60021,Derrick White,1.5,71d8d5fc-6836-43c1-85a0-61a828296a06,23,NBA
174354,Derrick Jones Jr.,0.5,71d8d5fc-6836-43c1-85a0-61a828296a06,20,NBA
88405,Petra,31.5,Falcons VEGAG2 Gozen45453.4583333333,330,VAL
88406,mimi,32.0,Falcons VEGAG2 Gozen45453.4583333333,330,VAL
140134,amy,28.5,Falcons VEGAG2 Gozen45453.4583333333,330,VAL
140128,rezq,32.0,Falcons VEGAG2 Gozen45453.4583333333,330,VAL
140176,Vania,35.5,Falcons VEGAG2 Gozen45453.4583333333,330,VAL
140174,Felipa,26.0,BBL QueensNASR Ignite45453.5833333333,330,VAL
140172,Alkyia,34.5,BBL QueensNASR Ignite45453.5833333333,330,VAL
140138,schnellÆ,33.0,BBL QueensNASR Ignite45453.5833333333,330,VAL
140120,proxima,28.5,BBL QueensNASR Ignite45453.5833333333,330,VAL
140177,Wens,32.5,BBL QueensNASR Ignite45453.5833333333,330,VAL
57843,Aleksander Barkov,21.5,bf7da94c-5ea2-4467-b940-240c101d487a,398,NHL
57827,Connor McDavid,22.25,bf7da94c-5ea2-4467-b940-240c101d487a,398,NHL
87112,Matthew Tkachuk,18.25,bf7da94c-5ea2-4467-b940-240c101d487a,398,NHL
57828,Leon Draisaitl,21.25,bf7da94c-5ea2-4467-b940-240c101d487a,398,NHL
60063,Brandon Montour,22.0,bf7da94c-5ea2-4467-b940-240c101d487a,398,NHL
125451,Mattias Ekholm,21.5,bf7da94c-5ea2-4467-b940-240c101d487a,398,NHL
57845,Aaron Ekblad,2.5,bf7da94c-5ea2-4467-b940-240c101d487a,101,NHL
58027,Darnell Nurse,3.5,bf7da94c-5ea2-4467-b940-240c101d487a,101,NHL
173141,Niko Mikkola,2.5,bf7da94c-5ea2-4467-b940-240c101d487a,101,NHL
92120,Dylan Holloway,3.5,bf7da94c-5ea2-4467-b940-240c101d487a,101,NHL
87112,Matthew Tkachuk,2.5,bf7da94c-5ea2-4467-b940-240c101d487a,101,NHL
59515,Evander Kane,3.5,bf7da94c-5ea2-4467-b940-240c101d487a,101,NHL
173424,Oliver Ekman-Larsson,3.5,bf7da94c-5ea2-4467-b940-240c101d487a,101,NHL
57846,Sam Bennett,4.5,bf7da94c-5ea2-4467-b940-240c101d487a,101,NHL
192988,Luis Gil,0.5,04004327-492b-4e89-8ad0-fe7de00896de,232,MLBLIVE
192988,Luis Gil,0.5,04004327-492b-4e89-8ad0-fe7de00896de,250,MLBLIVE
191707,Tyler Glasnow,2.5,04004327-492b-4e89-8ad0-fe7de00896de,311,MLBLIVE
191707,Tyler Glasnow,16.0,04004327-492b-4e89-8ad0-fe7de00896de,233,MLBLIVE
191707,Tyler Glasnow,0.5,04004327-492b-4e89-8ad0-fe7de00896de,232,MLBLIVE
186161,Guardy,16.0,Imperium GamingBarça eSports45453.5,332,VAL
70538,Napheesa Collier,12.0,c93a3c54-4270-49d1-a97e-b51216361e96,19,WNBA2H
55680,Quinton de Kock,0.5,Cricket21,184,CRICKET
55680,Quinton de Kock,19.5,Cricket21,431,CRICKET
65351,Jewell Loyd,10.5,c93a3c54-4270-49d1-a97e-b51216361e96,19,WNBA2H
186163,Saiz,15.5,Imperium GamingBarça eSports45453.5,332,VAL
186162,maniek,18.0,Imperium GamingBarça eSports45453.5,332,VAL
196926,Courtney Williams,5.5,c93a3c54-4270-49d1-a97e-b51216361e96,19,WNBA2H
170988,Tanzid Hasan,1.5,Cricket21,183,CRICKET
54910,Litton Das,13.5,Cricket21,431,CRICKET
153102,Heinrich Klaasen,19.5,Cricket21,431,CRICKET
196814,Nneka Ogwumike,8.5,c93a3c54-4270-49d1-a97e-b51216361e96,19,WNBA2H
142973,KPZET,15.5,Imperium GamingBarça eSports45453.5,332,VAL
126851,Reeza Hendricks,0.5,Cricket21,184,CRICKET
65199,Kayla McBride,8.0,c93a3c54-4270-49d1-a97e-b51216361e96,19,WNBA2H
186164,Vorwenn,12.5,Imperium GamingBarça eSports45453.5,332,VAL
126955,Towhid Hridoy,12.5,Cricket21,431,CRICKET
54912,Nazmul Hossain Shanto,1.5,Cricket21,183,CRICKET
55682,Aiden Markram,18.5,Cricket21,431,CRICKET
54909,Soumya Sarkar,1.5,Cricket21,183,CRICKET
170988,Tanzid Hasan,12.5,Cricket21,431,CRICKET
196802,Mykoz,14.5,Imperium GamingBarça eSports45453.5,332,VAL
197275,Alanna Smith,4.5,c93a3c54-4270-49d1-a97e-b51216361e96,19,WNBA2H
65491,Ezi Magbegor,6.0,c93a3c54-4270-49d1-a97e-b51216361e96,19,WNBA2H
196804,Nunu,12.0,Imperium GamingBarça eSports45453.5,332,VAL
126851,Reeza Hendricks,17.5,Cricket21,431,CRICKET
54912,Nazmul Hossain Shanto,12.5,Cricket21,431,CRICKET
196803,piKa,11.0,Imperium GamingBarça eSports45453.5,332,VAL
55683,David Miller,16.5,Cricket21,431,CRICKET
54909,Soumya Sarkar,10.5,Cricket21,431,CRICKET
186159,YuNo,12.5,FALKE EsportsFIVE Media Clan45453.5416666667,332,VAL
199264,Anrich Nortje,1.5,Cricket21,310,CRICKET
196834,krejzzs,18.5,FALKE EsportsFIVE Media Clan45453.5416666667,332,VAL
196835,mober,14.5,FALKE EsportsFIVE Media Clan45453.5416666667,332,VAL
199265,Kagiso Rabada,1.5,Cricket21,310,CRICKET
199266,Ottneil Baartman,1.5,Cricket21,310,CRICKET
196829,Neiker,14.0,Falke EsportsFIVE Media Clan45453.5416666667,332,VAL
196828,stonezy,18.5,Falke EsportsFIVE Media Clan45453.5416666667,332,VAL
196830,m4xikk,14.5,Falke EsportsFIVE Media Clan45453.5416666667,332,VAL
196831,MikaEl,11.5,Falke EsportsFIVE Media Clan45453.5416666667,332,VAL
186147,jannyXD,15.5,UCAM Esports ClubRamboot Club45453.5833333333,332,VAL
186148,Kamisseq,15.5,UCAM Esports ClubRamboot Club45453.5833333333,332,VAL
186149,Katu,15.0,UCAM Esports ClubRamboot Club45453.5833333333,332,VAL
186150,l0udly,13.0,UCAM Esports ClubRamboot Club45453.5833333333,332,VAL
184833,saiko,14.5,UCAM Esports ClubRamboot Club45453.5833333333,332,VAL
174248,Famsii,18.0,UCAM Esports ClubRamboot Club45453.5833333333,332,VAL
196806,azury,14.0,UCAM Esports ClubRamboot Club45453.5833333333,332,VAL
174250,Flickless,15.0,UCAM Esports ClubRamboot Club45453.5833333333,332,VAL
174249,OLIZERA,16.5,UCAM Esports ClubRamboot Club45453.5833333333,332,VAL
174251,Quick,12.0,UCAM Esports ClubRamboot Club45453.5833333333,332,VAL
196968,Kiles,13.5,Zeta GamingKPI Gaming45453.625,332,VAL
193642,Sayonara,19.5,Zeta GamingKPI Gaming45453.625,332,VAL
174262,zeddy,13.5,Zeta GamingKPI Gaming45453.625,332,VAL
174260,insider,15.0,Zeta GamingKPI Gaming45453.625,332,VAL
174258,B1SK,16.5,Zeta GamingKPI Gaming45453.625,332,VAL
196847,Negradas,13.0,ZETA GamingKPI Gaming45453.625,332,VAL
196850,Michel,14.5,ZETA GamingKPI Gaming45453.625,332,VAL
196849,Pukytoo,9.5,ZETA GamingKPI Gaming45453.625,332,VAL
196846,Faska,11.0,ZETA GamingKPI Gaming45453.625,332,VAL
64389,A'ja Wilson,28.5,83587e0f-dcc8-4e35-aba1-d57f39ebf31e,19,WNBA
65162,A'ja Wilson,22.5,83587e0f-dcc8-4e35-aba1-d57f39ebf31e,106,WNBA1H
64389,A'ja Wilson,11.5,83587e0f-dcc8-4e35-aba1-d57f39ebf31e,22,WNBA
64389,A'ja Wilson,42.5,83587e0f-dcc8-4e35-aba1-d57f39ebf31e,106,WNBA
64389,A'ja Wilson,40.5,83587e0f-dcc8-4e35-aba1-d57f39ebf31e,243,WNBA
65162,A'ja Wilson,15.0,83587e0f-dcc8-4e35-aba1-d57f39ebf31e,19,WNBA1H
197049,Cameron Brink,7.5,83587e0f-dcc8-4e35-aba1-d57f39ebf31e,106,WNBA1H
197034,Cameron Brink,16.5,83587e0f-dcc8-4e35-aba1-d57f39ebf31e,106,WNBA
197034,Cameron Brink,14.5,83587e0f-dcc8-4e35-aba1-d57f39ebf31e,243,WNBA
197049,Cameron Brink,4.5,83587e0f-dcc8-4e35-aba1-d57f39ebf31e,19,WNBA1H
197034,Cameron Brink,8.5,83587e0f-dcc8-4e35-aba1-d57f39ebf31e,19,WNBA
64391,Kelsey Plum,27.0,83587e0f-dcc8-4e35-aba1-d57f39ebf31e,244,WNBA
64391,Kelsey Plum,6.5,83587e0f-dcc8-4e35-aba1-d57f39ebf31e,20,WNBA
65166,Kelsey Plum,15.0,83587e0f-dcc8-4e35-aba1-d57f39ebf31e,106,WNBA1H
64391,Kelsey Plum,20.5,83587e0f-dcc8-4e35-aba1-d57f39ebf31e,19,WNBA
65166,Kelsey Plum,10.5,83587e0f-dcc8-4e35-aba1-d57f39ebf31e,19,WNBA1H
64391,Kelsey Plum,29.0,83587e0f-dcc8-4e35-aba1-d57f39ebf31e,106,WNBA
141885,Dearica Hamby,14.0,83587e0f-dcc8-4e35-aba1-d57f39ebf31e,245,WNBA
141886,Dearica Hamby,17.0,83587e0f-dcc8-4e35-aba1-d57f39ebf31e,106,WNBA1H
141885,Dearica Hamby,21.0,83587e0f-dcc8-4e35-aba1-d57f39ebf31e,244,WNBA
141885,Dearica Hamby,33.0,83587e0f-dcc8-4e35-aba1-d57f39ebf31e,106,WNBA
141886,Dearica Hamby,9.5,83587e0f-dcc8-4e35-aba1-d57f39ebf31e,19,WNBA1H
141885,Dearica Hamby,11.0,83587e0f-dcc8-4e35-aba1-d57f39ebf31e,22,WNBA
141885,Dearica Hamby,18.5,83587e0f-dcc8-4e35-aba1-d57f39ebf31e,19,WNBA
141885,Dearica Hamby,29.5,83587e0f-dcc8-4e35-aba1-d57f39ebf31e,243,WNBA
197593,Kia Nurse,10.0,83587e0f-dcc8-4e35-aba1-d57f39ebf31e,19,WNBA
197604,Kia Nurse,5.5,83587e0f-dcc8-4e35-aba1-d57f39ebf31e,19,WNBA1H
198267,Alysha Clark,7.5,83587e0f-dcc8-4e35-aba1-d57f39ebf31e,106,WNBA1H
198267,Alysha Clark,4.5,83587e0f-dcc8-4e35-aba1-d57f39ebf31e,19,WNBA1H
142858,Alysha Clark,5.0,83587e0f-dcc8-4e35-aba1-d57f39ebf31e,22,WNBA
142858,Alysha Clark,15.0,83587e0f-dcc8-4e35-aba1-d57f39ebf31e,106,WNBA
142858,Alysha Clark,8.5,83587e0f-dcc8-4e35-aba1-d57f39ebf31e,19,WNBA
142858,Alysha Clark,13.0,83587e0f-dcc8-4e35-aba1-d57f39ebf31e,243,WNBA
197033,Rickea Jackson,8.5,83587e0f-dcc8-4e35-aba1-d57f39ebf31e,19,WNBA
197053,Rickea Jackson,4.5,83587e0f-dcc8-4e35-aba1-d57f39ebf31e,19,WNBA1H
88313,Solokill,5.0,FPXEDG45453.2083333333,330,LoL
40605,Jiejie,4.5,FPXEDG45453.2083333333,330,LoL
168741,Woro2k,16.0,RUSH BMonte45453.25,332,CS2
168918,DemQQ,15.0,RUSH BMonte45453.25,332,CS2
198907,Cryin,5.5,FPXEDG45453.2083333333,330,LoL
196970,hAdji,15.0,RUSH BMonte45453.25,332,CS2
88316,Leave,8.0,FPXEDG45453.2083333333,330,LoL
198908,Wink,2.0,FPXEDG45453.2083333333,330,LoL
168030,kRaSnaL,14.0,RUSH BMonte45453.25,332,CS2
93967,TheNiu,5.0,FPXEDG45453.2083333333,330,LoL
196969,STYKO,13.0,RUSH BMonte45453.25,332,CS2
166180,nota,15.0,RUSH BMonte45453.25,332,CS2
88334,milkyway,8.5,FPXEDG45453.2083333333,330,LoL
61334,Care,6.5,FPXEDG45453.2083333333,330,LoL
166179,tex1y,13.0,RUSH BMonte45453.25,332,CS2
166182,executor,12.5,RUSH BMonte45453.25,332,CS2
40703,Deokdam,7.0,FPXEDG45453.2083333333,330,LoL
166553,Kiro,12.5,RUSH BMonte45453.25,332,CS2
53612,Life,2.0,FPXEDG45453.2083333333,330,LoL
40714,Burdol,2.5,BLGLGD45453.2916666667,330,LoL
169033,kinqie,11.5,RUSH BMonte45453.25,332,CS2
14989,Meteor,3.0,BLGLGD45453.2916666667,330,LoL
168741,Woro2k,6.0,RUSH BMonte45453.25,339,CS2
65795,haichao,4.0,BLGLGD45453.2916666667,330,LoL
168918,DemQQ,9.5,RUSH BMonte45453.25,339,CS2
182071,Shaoye,4.5,BLGLGD45453.2916666667,330,LoL
196970,hAdji,8.0,RUSH BMonte45453.25,339,CS2
58619,Jinjiao,0.5,BLGLGD45453.2916666667,330,LoL
168030,kRaSnaL,7.0,RUSH BMonte45453.25,339,CS2
196969,STYKO,7.5,RUSH BMonte45453.25,339,CS2
40923,Bin,7.0,BLGLGD45453.2916666667,330,LoL
40778,Xun,8.0,BLGLGD45453.2916666667,330,LoL
166180,nota,8.0,RUSH BMonte45453.25,339,CS2
14992,knight,9.0,BLGLGD45453.2916666667,330,LoL
166179,tex1y,7.0,RUSH BMonte45453.25,339,CS2
40756,Elk,10.5,BLGLGD45453.2916666667,330,LoL
166182,executor,6.0,RUSH BMonte45453.25,339,CS2
40926,ON,2.5,BLGLGD45453.2916666667,330,LoL
166553,Kiro,5.0,RUSH BMonte45453.25,339,CS2
38462,Oscarinin,3.0,VITFNC45453.4583333333,332,LoL
169033,kinqie,6.5,RUSH BMonte45453.25,339,CS2
40699,Razork,3.0,VITFNC45453.4583333333,332,LoL
168440,d1Ledez,15.5,3DMAX9 Pandas45453.25,332,CS2
198802,shalfey,15.0,3DMAX9 Pandas45453.25,332,CS2
14969,Humanoid,4.5,VITFNC45453.4583333333,332,LoL
166164,glowiing,14.0,3DMAX9 Pandas45453.25,332,CS2
40733,Noah,6.0,VITFNC45453.4583333333,332,LoL
168442,clax,14.0,3DMAX9 Pandas45453.25,332,CS2
95185,Photon,2.5,VITFNC45453.4583333333,332,LoL
169133,iDISBALANCE,14.0,3DMAX9 Pandas45453.25,332,CS2
95926,Lyncas,1.5,VITFNC45453.4583333333,332,LoL
169058,Maka,15.0,3DMAX9 Pandas45453.25,332,CS2
15609,Vetheo,3.5,VITFNC45453.4583333333,332,LoL
168698,Djoko,13.5,3DMAX9 Pandas45453.25,332,CS2
168028,Ex3rcice,13.5,3DMAX9 Pandas45453.25,332,CS2
40679,Carzzy,3.0,VITFNC45453.4583333333,332,LoL
168029,Lucky,14.0,3DMAX9 Pandas45453.25,332,CS2
40697,Hylissang,0.5,VITFNC45453.4583333333,332,LoL
193007,Graviti,13.5,3DMAX9 Pandas45453.25,332,CS2
64399,Juhan,1.5,SKGX45453.4895833333,332,LoL
168440,d1Ledez,9.0,3DMAX9 Pandas45453.25,339,CS2
198802,shalfey,7.5,3DMAX9 Pandas45453.25,339,CS2
128242,Jackies,3.0,SKGX45453.4895833333,332,LoL
166164,glowiing,7.5,3DMAX9 Pandas45453.25,339,CS2
14974,Patrik,3.5,SKGX45453.4895833333,332,LoL
168442,clax,8.0,3DMAX9 Pandas45453.25,339,CS2
169133,iDISBALANCE,4.0,3DMAX9 Pandas45453.25,339,CS2
66517,Irrelevant,3.0,SKGX45453.4895833333,332,LoL
169058,Maka,6.0,3DMAX9 Pandas45453.25,339,CS2
37766,Nisqy,3.0,SKGX45453.4895833333,332,LoL
168698,Djoko,8.0,3DMAX9 Pandas45453.25,339,CS2
168028,Ex3rcice,7.5,3DMAX9 Pandas45453.25,339,CS2
142852,Rahel,5.0,SKGX45453.4895833333,332,LoL
168029,Lucky,6.5,3DMAX9 Pandas45453.25,339,CS2
193007,Graviti,8.0,3DMAX9 Pandas45453.25,339,CS2
167787,BELCHONOKK,15.0,PARIVISIONSINNERS45453.25,332,CS2
63287,Sheo,2.0,G2BDS45453.5208333333,332,LoL
167836,ArtFr0st,15.0,PARIVISIONSINNERS45453.25,332,CS2
37571,nuc,2.5,G2BDS45453.5208333333,332,LoL
58596,Ice,3.5,G2BDS45453.5208333333,332,LoL
169028,Patsi,15.0,PARIVISIONSINNERS45453.25,332,CS2
199214,alpha,14.0,PARIVISIONSINNERS45453.25,332,CS2
169139,Qikert,13.0,PARIVISIONSINNERS45453.25,332,CS2
58869,BrokenBlade,3.5,G2BDS45453.5208333333,332,LoL
197760,MoriiSko,14.0,SINNERSPARIVISION45453.25,332,CS2
63273,Yike,3.0,G2BDS45453.5208333333,332,LoL
16750,Caps,4.0,G2BDS45453.5208333333,332,LoL
169095,oskar,14.5,SINNERSPARIVISION45453.25,332,CS2
168969,SHOCK,14.5,SINNERSPARIVISION45453.25,332,CS2
40687,Hans Sama,5.0,G2BDS45453.5208333333,332,LoL
197081,majky,13.5,SINNERSPARIVISION45453.25,332,CS2
40678,Mikyx,0.5,G2BDS45453.5208333333,332,LoL
168970,beastik,13.0,SINNERSPARIVISION45453.25,332,CS2
38546,Markoon,2.0,KCRGE45453.5520833333,332,LoL
167787,BELCHONOKK,7.5,PARIVISIONSINNERS45453.25,339,CS2
167836,ArtFr0st,4.0,PARIVISIONSINNERS45453.25,339,CS2
21087,Larssen,3.5,KCRGE45453.5520833333,332,LoL
169028,Patsi,6.0,PARIVISIONSINNERS45453.25,339,CS2
58873,Comp,3.5,KCRGE45453.5520833333,332,LoL
199214,alpha,7.5,PARIVISIONSINNERS45453.25,339,CS2
40713,Canna,2.0,KCRGE45453.5520833333,332,LoL
169139,Qikert,8.0,PARIVISIONSINNERS45453.25,339,CS2
197760,MoriiSko,8.0,SINNERSPARIVISION45453.25,339,CS2
40458,Closer,2.0,KCRGE45453.5520833333,332,LoL
128229,Vladi,3.0,KCRGE45453.5520833333,332,LoL
169095,oskar,5.0,SINNERSPARIVISION45453.25,339,CS2
40696,Upset,3.5,KCRGE45453.5520833333,332,LoL
168969,SHOCK,8.0,SINNERSPARIVISION45453.25,339,CS2
50088,Targamas,0.5,KCRGE45453.5520833333,332,LoL
197081,majky,7.0,SINNERSPARIVISION45453.25,339,CS2
20119,Wunder,2.0,MADTH45453.5833333333,332,LoL
168970,beastik,7.5,SINNERSPARIVISION45453.25,339,CS2
40677,Jankos,2.0,MADTH45453.5833333333,332,LoL
168696,deko,15.5,AuroraSAW45453.25,332,CS2
37576,Zwyroo,3.0,MADTH45453.5833333333,332,LoL
193175,r3salt,16.0,AuroraSAW45453.25,332,CS2
168490,KENSI,14.5,AuroraSAW45453.25,332,CS2
58870,Flakked,4.0,MADTH45453.5833333333,332,LoL
169041,Lack1,13.0,AuroraSAW45453.25,332,CS2
40688,Trymbi,0.5,MADTH45453.5833333333,332,LoL
168441,Norwi,13.0,AuroraSAW45453.25,332,CS2
63281,Myrwn,2.0,MADTH45453.5833333333,332,LoL
38653,Elyoya,2.0,MADTH45453.5833333333,332,LoL
168252,arrozdoce,15.0,SAWAurora45453.25,332,CS2
37573,Fresskowy,3.0,MADTH45453.5833333333,332,LoL
168253,ewjerkz,14.0,SAWAurora45453.25,332,CS2
128490,Supa,4.0,MADTH45453.5833333333,332,LoL
167812,story,14.0,SAWAurora45453.25,332,CS2
128491,Alvaro,0.5,MADTH45453.5833333333,332,LoL
168950,MUTiRiS,13.5,SAWAurora45453.25,332,CS2
166682,roman,13.0,SAWAurora45453.25,332,CS2
168696,deko,6.5,AuroraSAW45453.25,339,CS2
193175,r3salt,9.5,AuroraSAW45453.25,339,CS2
168490,KENSI,7.5,AuroraSAW45453.25,339,CS2
169041,Lack1,6.5,AuroraSAW45453.25,339,CS2
168441,Norwi,6.0,AuroraSAW45453.25,339,CS2
168252,arrozdoce,8.5,SAWAurora45453.25,339,CS2
168253,ewjerkz,8.0,SAWAurora45453.25,339,CS2
167812,story,5.0,SAWAurora45453.25,339,CS2
168950,MUTiRiS,7.0,SAWAurora45453.25,339,CS2
166682,roman,7.0,SAWAurora45453.25,339,CS2
168696,deko,15.0,MonteAurora45453.3125,332,CS2
193175,r3salt,16.0,MonteAurora45453.3125,332,CS2
168490,KENSI,14.5,MonteAurora45453.3125,332,CS2
169041,Lack1,13.0,MonteAurora45453.3125,332,CS2
168441,Norwi,13.0,MonteAurora45453.3125,332,CS2
168741,Woro2k,15.5,MonteAurora45453.3125,332,CS2
168918,DemQQ,14.5,MonteAurora45453.3125,332,CS2
196970,hAdji,14.0,MonteAurora45453.3125,332,CS2
168030,kRaSnaL,13.5,MonteAurora45453.3125,332,CS2
196969,STYKO,12.5,MonteAurora45453.3125,332,CS2
168696,deko,6.5,MonteAurora45453.3125,339,CS2
193175,r3salt,9.5,MonteAurora45453.3125,339,CS2
168490,KENSI,7.5,MonteAurora45453.3125,339,CS2
169041,Lack1,6.5,MonteAurora45453.3125,339,CS2
168441,Norwi,6.0,MonteAurora45453.3125,339,CS2
168741,Woro2k,6.0,MonteAurora45453.3125,339,CS2
168918,DemQQ,9.0,MonteAurora45453.3125,339,CS2
196970,hAdji,7.5,MonteAurora45453.3125,339,CS2
168030,kRaSnaL,7.0,MonteAurora45453.3125,339,CS2
196969,STYKO,7.0,MonteAurora45453.3125,339,CS2
168440,d1Ledez,15.5,SINNERS9 Pandas45453.3125,332,CS2
198802,shalfey,15.0,SINNERS9 Pandas45453.3125,332,CS2
166164,glowiing,14.0,SINNERS9 Pandas45453.3125,332,CS2
168442,clax,14.0,SINNERS9 Pandas45453.3125,332,CS2
169133,iDISBALANCE,14.0,SINNERS9 Pandas45453.3125,332,CS2
197760,MoriiSko,14.5,SINNERS9 Pandas45453.3125,332,CS2
169095,oskar,14.5,SINNERS9 Pandas45453.3125,332,CS2
168969,SHOCK,14.5,SINNERS9 Pandas45453.3125,332,CS2
197081,majky,13.0,SINNERS9 Pandas45453.3125,332,CS2
168970,beastik,13.0,SINNERS9 Pandas45453.3125,332,CS2
168440,d1Ledez,9.0,SINNERS9 Pandas45453.3125,339,CS2
198802,shalfey,7.5,SINNERS9 Pandas45453.3125,339,CS2
166164,glowiing,7.5,SINNERS9 Pandas45453.3125,339,CS2
168442,clax,8.0,SINNERS9 Pandas45453.3125,339,CS2
169133,iDISBALANCE,4.0,SINNERS9 Pandas45453.3125,339,CS2
197760,MoriiSko,8.5,SINNERS9 Pandas45453.3125,339,CS2
169095,oskar,5.0,SINNERS9 Pandas45453.3125,339,CS2
168969,SHOCK,8.0,SINNERS9 Pandas45453.3125,339,CS2
197081,majky,6.5,SINNERS9 Pandas45453.3125,339,CS2
168970,beastik,7.5,SINNERS9 Pandas45453.3125,339,CS2
169058,Maka,15.5,3DMAXPARIVISION45453.3125,332,CS2
168698,Djoko,14.5,3DMAXPARIVISION45453.3125,332,CS2
168028,Ex3rcice,14.0,3DMAXPARIVISION45453.3125,332,CS2
168029,Lucky,14.5,3DMAXPARIVISION45453.3125,332,CS2
193007,Graviti,14.0,3DMAXPARIVISION45453.3125,332,CS2
167787,BELCHONOKK,14.5,PARIVISION3DMAX45453.3125,332,CS2
167836,ArtFr0st,14.0,PARIVISION3DMAX45453.3125,332,CS2
169028,Patsi,14.0,PARIVISION3DMAX45453.3125,332,CS2
199214,alpha,13.0,PARIVISION3DMAX45453.3125,332,CS2
169139,Qikert,12.5,PARIVISION3DMAX45453.3125,332,CS2
169058,Maka,6.0,3DMAXPARIVISION45453.3125,339,CS2
168698,Djoko,8.5,3DMAXPARIVISION45453.3125,339,CS2
168028,Ex3rcice,7.5,3DMAXPARIVISION45453.3125,339,CS2
168029,Lucky,6.5,3DMAXPARIVISION45453.3125,339,CS2
193007,Graviti,8.0,3DMAXPARIVISION45453.3125,339,CS2
167787,BELCHONOKK,7.0,PARIVISION3DMAX45453.3125,339,CS2
167836,ArtFr0st,4.0,PARIVISION3DMAX45453.3125,339,CS2
169028,Patsi,6.0,PARIVISION3DMAX45453.3125,339,CS2
199214,alpha,7.0,PARIVISION3DMAX45453.3125,339,CS2
169139,Qikert,8.0,PARIVISION3DMAX45453.3125,339,CS2
168252,arrozdoce,15.5,SAWRUSH B45453.3125,332,CS2
168253,ewjerkz,14.5,SAWRUSH B45453.3125,332,CS2
167812,story,14.5,SAWRUSH B45453.3125,332,CS2
168950,MUTiRiS,14.5,SAWRUSH B45453.3125,332,CS2
166682,roman,14.0,SAWRUSH B45453.3125,332,CS2
166180,nota,15.0,RUSH BSAW45453.3125,332,CS2
166179,tex1y,13.5,RUSH BSAW45453.3125,332,CS2
166182,executor,13.0,RUSH BSAW45453.3125,332,CS2
166553,Kiro,12.5,RUSH BSAW45453.3125,332,CS2
169033,kinqie,11.5,RUSH BSAW45453.3125,332,CS2
168252,arrozdoce,8.5,SAWRUSH B45453.3125,339,CS2
168253,ewjerkz,8.0,SAWRUSH B45453.3125,339,CS2
167812,story,5.0,SAWRUSH B45453.3125,339,CS2
168950,MUTiRiS,7.5,SAWRUSH B45453.3125,339,CS2
166682,roman,7.0,SAWRUSH B45453.3125,339,CS2
166180,nota,8.0,RUSH BSAW45453.3125,339,CS2
166179,tex1y,7.0,RUSH BSAW45453.3125,339,CS2
166182,executor,6.0,RUSH BSAW45453.3125,339,CS2
166553,Kiro,5.5,RUSH BSAW45453.3125,339,CS2
169033,kinqie,6.5,RUSH BSAW45453.3125,339,CS2
168741,Woro2k,16.0,SINNERSMonte45453.375,332,CS2
69589,Adley Rutschman,7.0,64176bf9-9c35-498a-814c-f920e2351a3e,172,MLB
168918,DemQQ,15.0,SINNERSMonte45453.375,332,CS2
74215,Gunnar Henderson,7.5,64176bf9-9c35-498a-814c-f920e2351a3e,172,MLB
196970,hAdji,15.0,SINNERSMonte45453.375,332,CS2
67511,Carlos Correa,6.5,93a9bca3-89b0-4fd9-87b2-29a77b327dcc,172,MLB
168030,kRaSnaL,14.0,SINNERSMonte45453.375,332,CS2
67620,Aaron Judge,9.5,e4426fb8-6ce5-41bb-8176-1ea93383ac7b,172,MLB
196969,STYKO,13.0,SINNERSMonte45453.375,332,CS2
67565,Bobby Witt Jr.,9.0,e4426fb8-6ce5-41bb-8176-1ea93383ac7b,172,MLB
197760,MoriiSko,14.5,SINNERSMonte45453.375,332,CS2
67527,Christian Yelich,7.5,ac8f6ff8-4ebd-40b0-986b-e7186386b805,172,MLB
169095,oskar,14.0,SINNERSMonte45453.375,332,CS2
67499,Vladimir Guerrero Jr.,7.0,ac8f6ff8-4ebd-40b0-986b-e7186386b805,172,MLB
168969,SHOCK,14.0,SINNERSMonte45453.375,332,CS2
127196,William Contreras,7.0,ac8f6ff8-4ebd-40b0-986b-e7186386b805,172,MLB
197081,majky,12.5,SINNERSMonte45453.375,332,CS2
67566,Julio Rodríguez,7.0,5d1bd1b4-b458-4aa5-b8d5-f1b92b7d5f94,172,MLB
168970,beastik,12.0,SINNERSMonte45453.375,332,CS2
168741,Woro2k,6.0,SINNERSMonte45453.375,339,CS2
139980,Fernando Tatis Jr.,8.5,96cb6d82-88c3-4143-aebb-29e4e1828620,172,MLB
196218,Luis Arraez,7.0,96cb6d82-88c3-4143-aebb-29e4e1828620,172,MLB
168918,DemQQ,9.5,SINNERSMonte45453.375,339,CS2
196970,hAdji,8.0,SINNERSMonte45453.375,339,CS2
67592,Manny Machado,7.5,96cb6d82-88c3-4143-aebb-29e4e1828620,172,MLB
168030,kRaSnaL,7.0,SINNERSMonte45453.375,339,CS2
67700,Yordan Alvarez,8.0,9213e813-7ea4-45fd-b2b0-c89b8dbea437,172,MLB
196969,STYKO,7.5,SINNERSMonte45453.375,339,CS2
67545,Jose Altuve,7.5,9213e813-7ea4-45fd-b2b0-c89b8dbea437,172,MLB
67626,Jeremy Peña,7.0,9213e813-7ea4-45fd-b2b0-c89b8dbea437,172,MLB
197760,MoriiSko,8.0,SINNERSMonte45453.375,339,CS2
169095,oskar,5.0,SINNERSMonte45453.375,339,CS2
168969,SHOCK,8.0,SINNERSMonte45453.375,339,CS2
197081,majky,7.0,SINNERSMonte45453.375,339,CS2
168970,beastik,6.5,SINNERSMonte45453.375,339,CS2
168696,deko,15.5,9 PandasAurora45453.375,332,CS2
193175,r3salt,16.0,9 PandasAurora45453.375,332,CS2
168490,KENSI,14.5,9 PandasAurora45453.375,332,CS2
169041,Lack1,13.0,9 PandasAurora45453.375,332,CS2
168441,Norwi,13.5,9 PandasAurora45453.375,332,CS2
168440,d1Ledez,15.0,9 PandasAurora45453.375,332,CS2
198802,shalfey,14.0,9 PandasAurora45453.375,332,CS2
166164,glowiing,13.5,9 PandasAurora45453.375,332,CS2
168442,clax,13.0,9 PandasAurora45453.375,332,CS2
169133,iDISBALANCE,13.0,9 PandasAurora45453.375,332,CS2
168696,deko,6.5,9 PandasAurora45453.375,339,CS2
193175,r3salt,9.5,9 PandasAurora45453.375,339,CS2
168490,KENSI,7.5,9 PandasAurora45453.375,339,CS2
169041,Lack1,6.5,9 PandasAurora45453.375,339,CS2
168441,Norwi,6.0,9 PandasAurora45453.375,339,CS2
168440,d1Ledez,9.0,9 PandasAurora45453.375,339,CS2
198802,shalfey,7.0,9 PandasAurora45453.375,339,CS2
166164,glowiing,7.0,9 PandasAurora45453.375,339,CS2
168442,clax,7.5,9 PandasAurora45453.375,339,CS2
169133,iDISBALANCE,4.0,9 PandasAurora45453.375,339,CS2
167787,BELCHONOKK,15.0,PARIVISIONRUSH B45453.375,332,CS2
167836,ArtFr0st,15.0,PARIVISIONRUSH B45453.375,332,CS2
169028,Patsi,15.0,PARIVISIONRUSH B45453.375,332,CS2
199214,alpha,14.0,PARIVISIONRUSH B45453.375,332,CS2
169139,Qikert,13.0,PARIVISIONRUSH B45453.375,332,CS2
166180,nota,15.5,RUSH BPARIVISION45453.375,332,CS2
166179,tex1y,14.0,RUSH BPARIVISION45453.375,332,CS2
166182,executor,12.5,RUSH BPARIVISION45453.375,332,CS2
166553,Kiro,13.0,RUSH BPARIVISION45453.375,332,CS2
169033,kinqie,12.0,RUSH BPARIVISION45453.375,332,CS2
167787,BELCHONOKK,7.0,PARIVISIONRUSH B45453.375,339,CS2
167836,ArtFr0st,4.0,PARIVISIONRUSH B45453.375,339,CS2
169028,Patsi,6.0,PARIVISIONRUSH B45453.375,339,CS2
199214,alpha,7.5,PARIVISIONRUSH B45453.375,339,CS2
169139,Qikert,8.0,PARIVISIONRUSH B45453.375,339,CS2
166180,nota,8.5,RUSH BPARIVISION45453.375,339,CS2
166179,tex1y,7.0,RUSH BPARIVISION45453.375,339,CS2
166182,executor,5.5,RUSH BPARIVISION45453.375,339,CS2
166553,Kiro,5.5,RUSH BPARIVISION45453.375,339,CS2
169033,kinqie,6.5,RUSH BPARIVISION45453.375,339,CS2
168252,arrozdoce,15.5,SAW3DMAX45453.375,332,CS2
168253,ewjerkz,14.5,SAW3DMAX45453.375,332,CS2
167812,story,14.5,SAW3DMAX45453.375,332,CS2
168950,MUTiRiS,14.0,SAW3DMAX45453.375,332,CS2
166682,roman,13.5,SAW3DMAX45453.375,332,CS2
169058,Maka,15.5,3DMAXSAW45453.375,332,CS2
168698,Djoko,13.5,3DMAXSAW45453.375,332,CS2
168028,Ex3rcice,13.5,3DMAXSAW45453.375,332,CS2
168029,Lucky,14.0,3DMAXSAW45453.375,332,CS2
193007,Graviti,13.5,3DMAXSAW45453.375,332,CS2
168252,arrozdoce,8.5,SAW3DMAX45453.375,339,CS2
168253,ewjerkz,8.0,SAW3DMAX45453.375,339,CS2
167812,story,5.5,SAW3DMAX45453.375,339,CS2
168950,MUTiRiS,7.0,SAW3DMAX45453.375,339,CS2
166682,roman,7.0,SAW3DMAX45453.375,339,CS2
169058,Maka,6.0,3DMAXSAW45453.375,339,CS2
168698,Djoko,8.0,3DMAXSAW45453.375,339,CS2
168028,Ex3rcice,7.5,3DMAXSAW45453.375,339,CS2
168029,Lucky,6.5,3DMAXSAW45453.375,339,CS2
193007,Graviti,8.0,3DMAXSAW45453.375,339,CS2
169095,oskar,32.0,Rare AtomSINNERS45453.1875,330,CS2
168969,SHOCK,31.5,Rare AtomSINNERS45453.1875,330,CS2
168970,beastik,27.5,Rare AtomSINNERS45453.1875,330,CS2
197081,majky,28.5,Rare AtomSINNERS45453.1875,330,CS2
197760,MoriiSko,31.5,Rare AtomSINNERS45453.1875,330,CS2
194738,AhaNg,29.5,Rare AtomSINNERS45453.1875,330,CS2
194739,Risk,25.0,Rare AtomSINNERS45453.1875,330,CS2
194737,ChildKing,26.0,Rare AtomSINNERS45453.1875,330,CS2
169180,Summer,25.5,Rare AtomSINNERS45453.1875,330,CS2
169181,somebody,27.0,Rare AtomSINNERS45453.1875,330,CS2
169095,oskar,12.0,Rare AtomSINNERS45453.1875,337,CS2
168969,SHOCK,18.5,Rare AtomSINNERS45453.1875,337,CS2
168970,beastik,15.5,Rare AtomSINNERS45453.1875,337,CS2
197081,majky,15.5,Rare AtomSINNERS45453.1875,337,CS2
197760,MoriiSko,18.0,Rare AtomSINNERS45453.1875,337,CS2
194738,AhaNg,17.0,Rare AtomSINNERS45453.1875,337,CS2
194739,Risk,10.5,Rare AtomSINNERS45453.1875,337,CS2
194737,ChildKing,15.5,Rare AtomSINNERS45453.1875,337,CS2
169180,Summer,14.0,Rare AtomSINNERS45453.1875,337,CS2
169181,somebody,12.5,Rare AtomSINNERS45453.1875,337,CS2
169325,JW,31.5,GUN5EYEBALLERS45453.3125,330,CS2
168393,HEAP,30.0,GUN5EYEBALLERS45453.3125,330,CS2
169217,flusha,27.0,GUN5EYEBALLERS45453.3125,330,CS2
192456,Golden,25.5,GUN5EYEBALLERS45453.3125,330,CS2
168659,Peppzor,26.0,GUN5EYEBALLERS45453.3125,330,CS2
192834,FinigaN,32.5,GUN5EYEBALLERS45453.3125,330,CS2
192836,xiELO,29.5,GUN5EYEBALLERS45453.3125,330,CS2
197517,easy,27.0,GUN5EYEBALLERS45453.3125,330,CS2
197519,tN1R,31.0,GUN5EYEBALLERS45453.3125,330,CS2
197516,SELLTER,27.5,GUN5EYEBALLERS45453.3125,330,CS2
169325,JW,11.5,GUN5EYEBALLERS45453.3125,337,CS2
168393,HEAP,18.0,GUN5EYEBALLERS45453.3125,337,CS2
169217,flusha,13.0,GUN5EYEBALLERS45453.3125,337,CS2
192456,Golden,15.0,GUN5EYEBALLERS45453.3125,337,CS2
168659,Peppzor,14.0,GUN5EYEBALLERS45453.3125,337,CS2
192834,FinigaN,17.0,GUN5EYEBALLERS45453.3125,337,CS2
192836,xiELO,17.5,GUN5EYEBALLERS45453.3125,337,CS2
197517,easy,9.0,GUN5EYEBALLERS45453.3125,337,CS2
197519,tN1R,17.0,GUN5EYEBALLERS45453.3125,337,CS2
197516,SELLTER,14.5,GUN5EYEBALLERS45453.3125,337,CS2
186231,khaN,27.5,NemigaBLEED45453.3333333333,330,CS2
166965,riskyb0b,24.0,NemigaBLEED45453.3333333333,330,CS2
166267,Xant3r,28.5,NemigaBLEED45453.3333333333,330,CS2
168115,1eeR,26.5,NemigaBLEED45453.3333333333,330,CS2
196950,jkaem,31.0,BLEEDNemiga45453.3333333333,330,CS2
196951,nawwk,30.0,BLEEDNemiga45453.3333333333,330,CS2
168821,hampus,28.5,BLEEDNemiga45453.3333333333,330,CS2
169092,faveN,27.5,BLEEDNemiga45453.3333333333,330,CS2
167915,CYPHER,30.5,BLEEDNemiga45453.3333333333,330,CS2
186231,khaN,10.0,NemigaBLEED45453.3333333333,337,CS2
166965,riskyb0b,13.5,NemigaBLEED45453.3333333333,337,CS2
166267,Xant3r,15.0,NemigaBLEED45453.3333333333,337,CS2
168115,1eeR,12.0,NemigaBLEED45453.3333333333,337,CS2
196950,jkaem,17.0,BLEEDNemiga45453.3333333333,337,CS2
196951,nawwk,11.5,BLEEDNemiga45453.3333333333,337,CS2
168821,hampus,11.0,BLEEDNemiga45453.3333333333,337,CS2
169092,faveN,16.0,BLEEDNemiga45453.3333333333,337,CS2
167915,CYPHER,16.0,BLEEDNemiga45453.3333333333,337,CS2
167074,danistzz,33.5,SpacePassion UA45453.4375,330,CS2
166974,TruNiQ,32.5,SpacePassion UA45453.4375,330,CS2
167768,fozil,29.0,SpacePassion UA45453.4375,330,CS2
196662,X5G7V,27.5,SpacePassion UA45453.4375,330,CS2
175683,jackasmo,32.5,Passion UASpace45453.4375,330,CS2
166332,jambo,33.0,Passion UASpace45453.4375,330,CS2
189857,fear,30.0,Passion UASpace45453.4375,330,CS2
175684,s-chilla,26.5,Passion UASpace45453.4375,330,CS2
175686,zeRRoFIX,25.5,Passion UASpace45453.4375,330,CS2
167074,danistzz,15.5,SpacePassion UA45453.4375,337,CS2
166974,TruNiQ,19.5,SpacePassion UA45453.4375,337,CS2
167768,fozil,17.5,SpacePassion UA45453.4375,337,CS2
196662,X5G7V,12.5,SpacePassion UA45453.4375,337,CS2
175683,jackasmo,19.5,Passion UASpace45453.4375,337,CS2
166332,jambo,13.5,Passion UASpace45453.4375,337,CS2
189857,fear,14.5,Passion UASpace45453.4375,337,CS2
175684,s-chilla,14.5,Passion UASpace45453.4375,337,CS2
175686,zeRRoFIX,14.0,Passion UASpace45453.4375,337,CS2
167814,Flayy,33.0,RebelsPermitta45453.4583333333,330,CS2
167048,casey,26.0,RebelsPermitta45453.4583333333,330,CS2
167358,olimp,29.5,RebelsPermitta45453.4583333333,330,CS2
185439,kisserek,28.5,RebelsPermitta45453.4583333333,330,CS2
192521,innocent,27.5,RebelsPermitta45453.4583333333,330,CS2
197944,tomiko,31.0,PermittaRebels45453.4583333333,330,CS2
168681,bnox,31.0,PermittaRebels45453.4583333333,330,CS2
167468,mASKED,26.5,PermittaRebels45453.4583333333,330,CS2
168463,maaryy,27.0,PermittaRebels45453.4583333333,330,CS2
167814,Flayy,12.0,RebelsPermitta45453.4583333333,337,CS2
167048,casey,14.5,RebelsPermitta45453.4583333333,337,CS2
167358,olimp,15.5,RebelsPermitta45453.4583333333,337,CS2
185439,kisserek,15.5,RebelsPermitta45453.4583333333,337,CS2
192521,innocent,13.0,RebelsPermitta45453.4583333333,337,CS2
197944,tomiko,19.0,PermittaRebels45453.4583333333,337,CS2
168681,bnox,17.0,PermittaRebels45453.4583333333,337,CS2
168463,maaryy,13.5,PermittaRebels45453.4583333333,337,CS2
166197,krazy,33.0,RhynoCYBERSHOKE45453.4583333333,330,CS2
168254,DDias,22.5,RhynoCYBERSHOKE45453.4583333333,330,CS2
186723,TMKj,27.5,RhynoCYBERSHOKE45453.4583333333,330,CS2
168013,snapy,33.0,RhynoCYBERSHOKE45453.4583333333,330,CS2
168778,renatoohaxx,27.5,RhynoCYBERSHOKE45453.4583333333,330,CS2
166197,krazy,14.5,RhynoCYBERSHOKE45453.4583333333,337,CS2
168254,DDias,12.5,CYBERSHOKERhyno45453.4583333333,337,CS2
186723,TMKj,14.5,CYBERSHOKERhyno45453.4583333333,337,CS2
168013,snapy,17.0,CYBERSHOKERhyno45453.4583333333,337,CS2
168778,renatoohaxx,14.0,CYBERSHOKERhyno45453.4583333333,337,CS2
